<?xml version="1.0" encoding="utf-8" ?>
<document xmlns="http://resources.qdexapps.com/schema/v1/QDocument.xsd" name="myDocument">

  <!-- Meta Data -->
  <metadata>
    <title><!-- LA-SUBJ-1234 TITLE OF MODULE --></title>
    <coverImage src="resources/LassondeLogo.png" />
    <creator><!-- YOUR NAME HERE--></creator>
    <abstract><!-- DESCRIPTION OF MODULE HERE--></abstract>
  </metadata>
  
  <include src="resources/curriculumStylesLassonde.xml" />
  <include src="resources/plotTools.xml" />
  
  
  <!--                                      Header & Footer END                                         -->
  <header style="themeColour">
    <stack style="center" orientation="horizontal">
      <p></p>
    </stack>
  </header>
  <footer style="themeColour">
    <stack orientation="horizontal">
      <image style="tiny" src="resources/lassonde.png" inspect="false" />
      <p style="themeColourTitle">
        <style>
          <numbering suffix="true" counter="pages" />
          <textAlignment>center</textAlignment>
          <marginTop>30</marginTop>
          <foreground color="255 255 255" />
          
        </style>
      </p>
      <image style="tiny" src="resources/york.png" inspect="false" />
    </stack>
  </footer>
  <!--                                      Header & Footer END                                         -->

  <!-- Section 1 -->
<section name="section1" style="pageLayout">
  <title style="chapterTitle">TITLE</title>
  <p style="sectionHeading">Introduction</p>
  <!--<image src="resources/someimage.png" />-->
  <stack orientation="vertical" style="contentBG">
    <p>
      Description
    </p>
  </stack>
</section>
</document>