﻿<?xml version="1.0" encoding="utf-8"?>
<fragment xmlns="http://resources.qdexapps.com/schema/v1/QDocument.xsd">

  
  <!-- Question mark icon by Freepik (http://www.freepik.com) from http://www.flaticon.com -->
  <!-- Letter A icon by Freepik (http://www.freepik.com) from http://www.flaticon.com -->
  <!-- Cross mark icon by Dave Gandy (http://fontawesome.io) from http://www.flaticon.com -->
  <!-- Check sign icon by Elegant Themes (http://www.elegantthemes.com) from http://www.flaticon.com -->
  
  <!-- BACKGROUND COLOR -->
  <style name="centerText">
    <textAlignment>center</textAlignment>
    <horizontalAlignment>center</horizontalAlignment>
  </style>
  <style name="backgroundColor">
    <background color="50 133 184" />
  </style>

  <style name="alignRight">
    <textAlignment>right</textAlignment>
  </style>

  <style name="alignLeft">
    <textAlignment>left</textAlignment>
  </style>

  <style name="alignCenter">
    <textAlignment>center</textAlignment>
  </style>

  <style name="center">
    <horizontalAlignment>center</horizontalAlignment>
  </style>

  <style name="left">
    <horizontalAlignment>left</horizontalAlignment>
  </style>


  <style name="centerText">
    <textAlignment>center</textAlignment>
  </style>

  <!-- Overall theme color. SHould be a very light shade.  -->
  <style name="themeColor">
    <background color="50 133 184" />
  </style>

  <!-- Title theme colour. Should be a darker shade of themeColor -->
  <style name="themeColorTitle">
    <foreground color="50 133 184" />
  </style>

  <style name="whiteColor">
    <foreground color="255 255 255" />
  </style>

  <style name="lineBreak">
    <marginTop>15</marginTop>
    <marginBottom>15</marginBottom>
  </style>

 <style name="noMargins">
    <marginLeft>0</marginLeft>
    <marginRight>0</marginRight>
    <marginTop>0</marginTop>
    <marginBottom>0</marginBottom>
  </style>

  <style name="buttons">
    <foreground color="white" />
    <background color="50 133 184" />
  </style>

    <!--- Make all section headings bold -->
    <style name="sectionHeading" link="themeColorTitle">
      <bold>true</bold>
      <marginTop>20</marginTop>
      <marginBottom>10</marginBottom>
      <size scale="large"/>
      <foreground color="100 100 100"/>
    </style>

    <!-- Define a style for section level 2 headings to make the font a bit larger -->
    <style name="subSectionHeading">
      <bold>true</bold>
      <marginTop>10</marginTop>
      <marginBottom>10</marginBottom>
      <size scale="normal"/>
    </style>

    <!-- Define a style for section level 2 headings to make the font a bit larger -->
    <style name="chapterTitle" link="themeColorTitle">
      <size scale="xlarge" />
      <textAlignment>right</textAlignment>
      <marginTop>50</marginTop>
      <marginBottom>50</marginBottom>
    </style>

    <style name="contentBG2">
      <background color="200 200 200"/>
    </style>

    <style name="contentBG">
      <background color="225 225 225" />
      <marginBottom>25</marginBottom>
    </style>

    <!--MULTIPLE CHOICE BUTTON-->
    <style name="btnUnselected">
      <background color="transparent"/>
      <foreground color="black"/>
    </style>

    <!--MULTIPLE CHOICE SELECTED BUTTON-->
    <style name="btnSelected">
      <background color="232 12 46"/>
      <foreground color="white"/>
    </style>

    <!--MULTIPLE CHOICE CORRECT BUTTON-->
    <style name="btnCorrect">
      <background color="green"/>
      <foreground color="white"/>
    </style>


    <!--Step by Step BUTTON-->
    <style name="stepByStepBtn">
      <horizontalAlignment>right</horizontalAlignment>
      <widthPercentage>40%</widthPercentage>
    </style>


    <!-- TAB LAYOUT BUTTONS-->
    <style name="tab" link="contentBG2">
      <foreground color="black"/>
      <borderColor color="transparent"/>
    </style>

  <style name="axes">
    <foreground color="black"/>
    <borderThickness>3</borderThickness>
  </style>

    <!--Default Page Layout 80 %-->
    <style name="pageLayout">
      <widthPercentage>80%</widthPercentage>
      <horizontalAlignment>center</horizontalAlignment>
    </style>

    <style>
      <counter name="chaptNum" format="decimal" />
    </style>

    <style name="chapterNumber" link="themeColorTitle">
      <size scale="10" />
      <textAlignment>right</textAlignment>

      <increment counter="chaptNum" />
      <numbering counter="chaptNum" mode="hierarchical" suffix="true" />
    </style>

    <style>
      <counter name="contentBullet" format="decimal" />
    </style>

    <style name="content">
      <increment counter="contentBullet" />
      <numbering counter="contentBullet" mode="flat" pattern="1.#   " />
    </style>

    <style name="stripe" link="themeColor">
      <widthPercentage>0.3</widthPercentage>
    </style>


    <style name="questionAnswer" link="themeColor">
      <widthPercentage>0.9</widthPercentage>
      <horizontalAlignment>center</horizontalAlignment>
      <marginBottom>20</marginBottom>
      <marginTop>20</marginTop>
    </style>

    <style name="title" link="themeColorTitle">
      <bold>true</bold>
      <size scale="0.8" />
    </style>

    <style name="icon">
      <widthPercentage>0.1</widthPercentage>
    </style>

    <style name="definition" link="themeColor">
      <bold>true</bold>
      <marginLeft>40</marginLeft>
      <marginRight>40</marginRight>
    </style>

    <style name="exampleDiv">
      <borderColor color="black" />
      <borderThickness>2</borderThickness>
    </style>

    <style name="exampleTitle">
      <size scale="0.8" />
      <bold>true</bold>
    </style>

    <style>
      <counter name="codeNumber" format="decimal" parent="sections" />
    </style>

    <style name="codeTitle">
      <increment counter="codeNumber" />
      <numbering counter="codeNumber" mode="hierarchical">
        <pattern>
          <b>Code Snippet #</b>
        </pattern>
      </numbering>
    </style>


    <style name="codeBorder" link="themeColor">
      <widthPercentage>0.5</widthPercentage>
      <horizontalAlignment>center</horizontalAlignment>
    </style>

    <style name="border">
      <background color="white" />
      <marginLeft>4</marginLeft>
      <marginRight>4</marginRight>
      <marginTop>4</marginTop>
      <marginBottom>4</marginBottom>
    </style>

    <style name="tableHeaders" link="themeColor" />

    <style name="summary" link="themeColor">
      <widthPercentage>0.9</widthPercentage>
      <horizontalAlignment>center</horizontalAlignment>
      <marginBottom>20</marginBottom>
    </style>

  <style name="caseStudy" link="summary">
    <marginTop>15</marginTop>
    <marginBottom>15</marginBottom>
  </style>

  <style name="collapsed">
      <visibility>collapsed</visibility>
    </style>

    <style>
      <counter name="questions" />
    </style>

    <style name="qNum">
      <numbering counter="questions" mode="flat" pattern="QUESTION #" />
      <increment counter="questions" />
    </style>

  <style name="iconSci">
    <widthPercentage>0.9</widthPercentage>
  </style>

  <style name="sciNot">
    <size scale="0.9" />
    <textAlignment>center</textAlignment>
  </style>

  <style name="iconSol">
    <widthPercentage>0.11</widthPercentage>
  </style>

  <style name="iconMulti">
    <widthPercentage>0.17</widthPercentage>
  </style>

  <style name="finalStyle" link="noMargins">
    <foreground color="gray" />
    <size scale="0.8" />
    <textAlignment>center</textAlignment>
  </style>

  <style name="center">
    <textAlignment>center</textAlignment>
  </style>

  <style name="finalTF">
    <foreground color="gray" />
    <textAlignment>center</textAlignment>
  </style>

  <style name="TF" link="margins">
    <widthPercentage>1</widthPercentage>
  </style>

  <style name="iconTF">
    <widthPercentage>0.29</widthPercentage>
  </style>

  <style name="select">
    <background color="gray" />
  </style>

  <style name="invisible">
    <visibility>collapsed</visibility>
  </style>
  


</fragment>
