<?xml version="1.0" encoding="utf-8" ?>
<document xmlns="http://resources.qdexapps.com/schema/v1/QDocument.xsd" name="myDocument">

  <!-- Meta Data -->
  <metadata>
    <title><!-- TITLE HERE --></title>
    <creator><!-- YOUR NAME HERE--></creator>
    <coverImage src="resources/cover.png" />
    <abstract><!-- DESCRIPTION OF MODULE HERE--></abstract>
  </metadata>


  <include src="resources/curriculumStyles.xml" />
  <include src="resources/Utilities.xml" />
  <include src="resources/plotTools.xml" />

  <!--                                      Header & Footer START                                         -->
  <header style="backgroundColor">
    <stack style="center" orientation="horizontal">
      <p style="whiteColor">Amanda Koon</p>
      <p style="whiteColor rightText"><!-- COURSE SUBJECT HERE--></p>
    </stack>
  </header>
  <footer style="backgroundColor">
    <stack orientation="horizontal">
      <image style="tiny" src="resources/logo1.png" inspect="false" />
      <p style="fontColor">
        <style>
          <numbering suffix="true" counter="pages" />
          <textAlignment>center</textAlignment>
          <marginTop>30</marginTop>
          <foreground color="255 255 255" />
        </style>
      </p>
      <image style="tiny" src="resources/logo2.png" inspect="false" />
    </stack>
  </footer>


  <!-- Section 1 -->
  <section name="section1" style="pageLayout">
    <title style="chapterTitle"><!-- TITLE HERE--></title>
    <!-- <image src="resources/someimage.png" /> -->
    <stack style="contentBG">
      <p>
        DESCRIPTION
      </p>
    </stack>
  </section>

</document>