﻿<?xml version="1.0" encoding="utf-8"?>
<fragment xmlns="http://resources.qdexapps.com/schema/v1/QDocument.xsd">

  
  <!-- Question mark icon by Freepik (http://www.freepik.com) from http://www.flaticon.com -->
  <!-- Letter A icon by Freepik (http://www.freepik.com) from http://www.flaticon.com -->
  <!-- Cross mark icon by Dave Gandy (http://fontawesome.io) from http://www.flaticon.com -->
  <!-- Check sign icon by Elegant Themes (http://www.elegantthemes.com) from http://www.flaticon.com -->

  
  <!-- Overall theme color. SHould be a very light shade.  -->
  <style name="themeColour">
    <background color="223 233 240"/>
  </style>

  <!-- Title theme colour. Should be a darker shade of themeColour -->
  <style name="themeColourTitle">
    <foreground color="50 133 184"/>
  </style>    

 <style name="noMargins">
    <marginLeft>0</marginLeft>
    <marginRight>0</marginRight>
    <marginTop>0</marginTop>
    <marginBottom>0</marginBottom>
  </style>

  <style name="buttons">
    <foreground color="white"/>
    <background color="50 133 184"/>
  </style>

    <!--- Make all section headings bold -->
    <style name="sectionHeadings" link="themeColourTitle">
      <bold>false</bold>
      <marginTop>20</marginTop>
      <marginBottom>10</marginBottom>
    </style>

    <!-- Define a style for section level 1 headings to make the font larger -->
    <style name="sectionLevel1Headings">
      <size scale="xlarge"/>
    </style>

    <!-- Define a style for section level 2 headings to make the font a bit larger -->
    <style name="sectionLevel2Headings">
      <size scale="xlarge"/>
    </style>

    <style name="chapterTitle" link="themeColourTitle">
      <size scale="4"/>
      <textAlignment>right</textAlignment>
      <marginBottom>100</marginBottom>
    </style>

    <style>
      <counter name="chaptNum" format="decimal"/>
    </style>

    <style name="chapterNumber" link="themeColourTitle">
      <size scale="10"/>
      <textAlignment>right</textAlignment>

      <increment counter="chaptNum"/>
      <numbering counter="chaptNum" mode="hierarchical" suffix="true"/>
    </style>

    <style name="chapterContents" cascading="true">
      <horizontalAlignment>right</horizontalAlignment>
      <marginTop>200</marginTop>
      <marginBottom>200</marginBottom>
    </style>

    <style>
      <counter name="contentBullet" format="decimal"/>
    </style>

    <style name="content">
      <increment counter="contentBullet"/>
      <numbering counter="contentBullet" mode="flat" pattern="1.#   "/>
    </style>

    <style name="stripe" link="themeColour">
      <widthPercentage>0.3</widthPercentage>
    </style>


    <style name="questionAnswer" link="themeColour">
      <widthPercentage>0.9</widthPercentage>
      <horizontalAlignment>center</horizontalAlignment>
      <marginBottom>20</marginBottom>
      <marginTop>20</marginTop>
    </style>

    <style name="title" link="themeColourTitle">
      <bold>true</bold>
      <size scale="0.8"/>
    </style>

    <style name="icon">
      <widthPercentage>0.1</widthPercentage>
    </style>

    <style name="definition" link="themeColour">
      <bold>true</bold>
      <marginLeft>40</marginLeft>
      <marginRight>40</marginRight>
    </style>

    <style name="exampleDiv">
      <borderColor color="black"/>
      <borderThickness>2</borderThickness>
    </style>

    <style name="exampleTitle">
      <size scale="0.8"/>
      <bold>true</bold>
    </style>

    <style>
      <counter name="codeNumber" format="decimal" parent="sections"/>
    </style>

    <style name="codeTitle">
      <increment counter="codeNumber"/>
      <numbering counter="codeNumber" mode="hierarchical">
        <pattern>
          <b>Code Snippet #</b>
        </pattern>
      </numbering>
    </style>


    <style name="codeBorder" link="themeColour">
      <widthPercentage>0.5</widthPercentage>
      <horizontalAlignment>center</horizontalAlignment>
    </style>

    <style name="border">
      <background color="white"/>
      <marginLeft>4</marginLeft>
      <marginRight>4</marginRight>
      <marginTop>4</marginTop>
      <marginBottom>4</marginBottom>
    </style>

    <style name="tableHeaders" link="themeColour" />

    <style name="summary" link="themeColour">
      <widthPercentage>0.9</widthPercentage>
      <horizontalAlignment>center</horizontalAlignment>
      <marginBottom>20</marginBottom>
    </style>

  <style name="caseStudy" link="summary">
    <marginTop>15</marginTop>
    <marginBottom>15</marginBottom>
  </style>

  <style name="collapsed">
      <visibility>collapsed</visibility>
    </style>

    <style>
      <counter name="questions"/>
    </style>

    <style name="qNum">
      <numbering counter="questions" mode="flat" pattern="QUESTION #"/>
      <increment counter="questions"/>
    </style>

  <style name="iconSci">
    <widthPercentage>0.9</widthPercentage>
  </style>

  <style name="sciNot">
    <size scale="0.9"/>
    <textAlignment>center</textAlignment>
  </style>

  <style name="iconSol">
    <widthPercentage>0.11</widthPercentage>
  </style>

  <style name="iconMulti">
    <widthPercentage>0.17</widthPercentage>
  </style>

  <style name="finalStyle" link="noMargins">
    <foreground color="gray"/>
    <size scale="0.8"/>
    <textAlignment>center</textAlignment>
  </style>

  <style name="center">
    <textAlignment>center</textAlignment>
  </style>

  <style name="finalTF">
    <foreground color="gray"/>
    <textAlignment>center</textAlignment>
  </style>

  <style name="TF" link="margins">
    <widthPercentage>1</widthPercentage>
  </style>

  <style name="iconTF">
    <widthPercentage>0.29</widthPercentage>
  </style>

  <style name="select">
    <background color="gray"/>
  </style>

  <style name="invisible">
    <visibility>collapsed</visibility>
  </style>
  


</fragment>
